,LSTM_LAT,LSTM_LONG_,LSTM_MAGMB
2025-07-07 02:37:56.964038+05:30,29.777061,93.9072,4.259456
