,LR_LAT,LR_LONG_,LR_MAGMB,SVR_LAT,SVR_LONG_,SVR_MAGMB,RF_LAT,RF_LONG_,RF_MAGMB
2025-07-07 02:22:42.830949+05:30,11418.553003910667,11432.384111801126,98.89443522527873,22.376755716369626,82.89714818384863,5.065086435766349,32.93323137000002,75.00096063999995,4.370499999999994
